{
  "genesis_time": "2020-07-09T09:55:33.276459151Z",
  "chain_id": "band-private-test-0",
  "consensus_params": {
    "block": {
      "max_bytes": "1000000",
      "max_gas": "5000000",
      "time_iota_ms": "1000"
    },
    "evidence": {
      "max_age_num_blocks": "100000",
      "max_age_duration": "172800000000000"
    },
    "validator": {
      "pub_key_types": [
        "secp256k1"
      ]
    }
  },
  "app_hash": "",
  "app_state": {
    "supply": {
      "supply": []
    },
    "evidence": {
      "params": {
        "max_evidence_age": "120000000000"
      },
      "evidence": []
    },
    "crisis": {
      "constant_fee": {
        "denom": "uband",
        "amount": "10000000000"
      }
    },
    "bank": {
      "send_enabled": true
    },
    "oracle": {
      "params": {
        "max_raw_request_count": "16",
        "max_ask_count": "16",
        "expiration_block_count": "100",
        "base_request_gas": "150000",
        "per_validator_request_gas": "30000",
        "sampling_try_count": "3",
        "oracle_reward_percentage": "70",
        "inactive_penalty_duration": "600000000000"
      },
      "data_sources": [
        {
          "owner": "band1m5lq9u533qaya4q3nfyl6ulzqkpkhge9q8tpzs",
          "name": "CoinGecko Cryptocurrency Price",
          "description": "Retrieves current price of a cryptocurrency from https://www.coingecko.com",
          "filename": "c56de9061a78ac96748c83e8a22330accf6ee8ebb499c8525613149a70ec49d0"
        },
        {
          "owner": "band1m5lq9u533qaya4q3nfyl6ulzqkpkhge9q8tpzs",
          "name": "CryptoCompare Cryptocurrency Price",
          "description": "Retrieves current price of a cryptocurrency from https://www.cryptocompare.com",
          "filename": "dd155f719c5201336d4852830a3ad446ddf01b1ab647cf6ea5d7b9e7678a7479"
        },
        {
          "owner": "band1m5lq9u533qaya4q3nfyl6ulzqkpkhge9q8tpzs",
          "name": "Binance Cryptocurrency Price",
          "description": "Retrieves current price of a cryptocurrency from https://www.binance.com/en",
          "filename": "f3bad1a6d88cd30ce311d6845f114422f9c2c52c32c45b5086d69d052ad90921"
        },
        {
          "owner": "band1m5lq9u533qaya4q3nfyl6ulzqkpkhge9q8tpzs",
          "name": "Open Weather Map Weather Data",
          "description": "Retrieves current weather information from https://www.openweathermap.org",
          "filename": "5f988f39af8dd48b1a47bbac71a35e0bb3297181ca141db4ff4416f287971f9c"
        },
        {
          "owner": "band1m5lq9u533qaya4q3nfyl6ulzqkpkhge9q8tpzs",
          "name": "FreeForexAPI Gold Price",
          "description": "Retrives current gold price from https://www.freeforexapi.com",
          "filename": "c89eeb2d911fa3a40aceb78b18d940724ef3746869e1e1574b5627c65d91c4bc"
        },
        {
          "owner": "band1m5lq9u533qaya4q3nfyl6ulzqkpkhge9q8tpzs",
          "name": "Alpha Vantage Stock Price",
          "description": "Retrives current price of a stock from https://www.alphavaage.co",
          "filename": "561be59ddbbbc2051b496e61f4558541ecef3171aab1aaafca406d8f4c590643"
        },
        {
          "owner": "band1m5lq9u533qaya4q3nfyl6ulzqkpkhge9q8tpzs",
          "name": "Blockchain.info Bitcoin Block Count",
          "description": "Retrives latest Bitcoin block height from https://www.blockchain.info",
          "filename": "96d30b3db3b237d9c54dd1f3ff610eb267b8ecbc154d84abb6465cb6dbfb8a3f"
        },
        {
          "owner": "band1m5lq9u533qaya4q3nfyl6ulzqkpkhge9q8tpzs",
          "name": "BlockCypher Bitcoin Block Hash",
          "description": "Retrives Bitcoin block hash at a given block height from https://blockcypher.com",
          "filename": "8e5c9694c540541eb6d2d1ca345a798c608298e4d8032838078f6db3a3c4b627"
        },
        {
          "owner": "band1m5lq9u533qaya4q3nfyl6ulzqkpkhge9q8tpzs",
          "name": "CoinGecko Cryptocurrency Trading Volume",
          "description": "Retrieves current trading volume of a cryptocurrency from https://www.coingecko.com",
          "filename": "01cdf6af3f7cf9dfd9b84713ddb10b16fab9647e27bf8ac6e3ad33d7e4229b41"
        },
        {
          "owner": "band1m5lq9u533qaya4q3nfyl6ulzqkpkhge9q8tpzs",
          "name": "CryptoCompare Cryptocurrency Trading Volume",
          "description": "Retrieves current trading volume of a cryptocurrency from https://www.cryptocompare.com",
          "filename": "0d1505b617c577cf6852eb2445d2fe9320d551b39edcc0dfb5c74779999bfdd4"
        },
        {
          "owner": "band1m5lq9u533qaya4q3nfyl6ulzqkpkhge9q8tpzs",
          "name": "ETH Gas Station Current Ethereum Gas Price",
          "description": "Retrieves current Ethereum gas price from https://ethgasstation.info",
          "filename": "32ee6262d4a615f2c3ca0589c1c1af79212f24823453cb3f4cfff85b8d338045"
        },
        {
          "owner": "band1m5lq9u533qaya4q3nfyl6ulzqkpkhge9q8tpzs",
          "name": "Open Sky Network Flight Data",
          "description": "Retrieves flight information from https://opensky-network.org",
          "filename": "a0a333ee581fcaf501795dded95c63f9177d98e302d73bf82be65ed917d7087a"
        },
        {
          "owner": "band1m5lq9u533qaya4q3nfyl6ulzqkpkhge9q8tpzs",
          "name": "Quantum Random Number Generator",
          "description": "Retrieves array of random number from https://qrng.anu.edu.au",
          "filename": "0b1b133fedba55eeb5b30d7f4dc693c7f0838a0bc4bddb4144008e7a475ab835"
        },
        {
          "owner": "band1m5lq9u533qaya4q3nfyl6ulzqkpkhge9q8tpzs",
          "name": "Yahoo Finance Stock Price",
          "description": "Retrieves current price of a stock from https://finance.yahoo.com",
          "filename": "8fe403e13304edd7b337720807510904a925f14640b906df89858c8e4aad97ef"
        }
      ],
      "oracle_scripts": [
        {
          "owner": "band1m5lq9u533qaya4q3nfyl6ulzqkpkhge9q8tpzs",
          "name": "Cryptocurrency Price in USD",
          "description": "Oracle script that queries the average cryptocurrency price using current price data from CoinGecko, CryptoCompare, and Binance",
          "filename": "ff48f3b9876cddb41e2371fe0fc5cc516619944adec75e91dfda85ace561dd9c",
          "schema": "{symbol:string,multiplier:u64}/{px:u64}",
          "source_code_url": "https://ipfs.io/ipfs/QmQqxHLszpbCy8Hk2ame3pPAxUUAyStBrVdGdDgrfAngAv"
        },
        {
          "owner": "band1m5lq9u533qaya4q3nfyl6ulzqkpkhge9q8tpzs",
          "name": "Gold Price in ATOMs",
          "description": "Oracle script that queries current average gold price in ATOMs using gold price data from FreeForexAPI and ATOM price from Binance",
          "filename": "077eea06f4ac345bd3dbfc081606f54f279bbff0971a6e61d3ed216430fa38e1",
          "schema": "{multiplier:u64}/{px:u64}",
          "source_code_url": "https://ipfs.io/ipfs/QmWRhyKRbLB3t19EgC8PjhQr3A7UYsENetvyoAyXLtLRAk"
        },
        {
          "owner": "band1m5lq9u533qaya4q3nfyl6ulzqkpkhge9q8tpzs",
          "name": "Stock Price (Alpha Vantage)",
          "description": "Oracle script that queries the current price of a stock from Alpha Vantage",
          "filename": "f01b47d275a5b33627601d5aab935e1909a626d2043bbd95b631dfbe432f4ebb",
          "schema": "{symbol:string,api_key:string,multiplier:u64}/{px:u64}",
          "source_code_url": "https://ipfs.io/ipfs/QmS4szs6irBJwyZXGnLnMNedBKhYitv4Q3AAiPyqFGnKGP"
        },
        {
          "owner": "band1m5lq9u533qaya4q3nfyl6ulzqkpkhge9q8tpzs",
          "name": "Latest Bitcoin Block Count",
          "description": "Oracle script that queries the latest Bitcoin block height from Blockchain.info",
          "filename": "f9ea5ffc4c4db7e8c91f841c87a0af6367cf6b5cdf3464ac2fbbdf86abfd3eb3",
          "schema": "{_unused:u8}/{block_count:u64}",
          "source_code_url": "https://ipfs.io/ipfs/QmQFSuZasGZJrnPmo7q3mauLGeKT7fctXprGktRQ8kMGF6"
        },
        {
          "owner": "band1m5lq9u533qaya4q3nfyl6ulzqkpkhge9q8tpzs",
          "name": "Bitcoin Block Hash",
          "description": "Oracle script that queries the Bitcoin block hash at the given block height from BlockCypher",
          "filename": "ec49304852009c8fc9b263d5e321d33edd0f13122ce35e37fa9b7a745e3315e6",
          "schema": "{block_height:u64}/{block_hash:string}",
          "source_code_url": "https://ipfs.io/ipfs/QmV8MMq75gZDCergfRwhthPNG9su2GjFYsjyfaw4w9jBrQ"
        },
        {
          "owner": "band1m5lq9u533qaya4q3nfyl6ulzqkpkhge9q8tpzs",
          "name": "CoinGecko Cryptocurrency Volume",
          "description": "Oracle script that queries a cryptocurrency's average trading volume for the past day from Coingecko",
          "filename": "b20077810723a2bc73be3ec0f847ca1aa08b12b66353e86bb6f5b977aade7233",
          "schema": "{symbol:string,multiplier:u64}/{volume:u64}",
          "source_code_url": "https://ipfs.io/ipfs/QmQK2EXY345gCdAjb7soXp8qj88a2uNe3mcaq4y4QxjJAz"
        },
        {
          "owner": "band1m5lq9u533qaya4q3nfyl6ulzqkpkhge9q8tpzs",
          "name": "CryptoCompare Cryptocurrency Volume",
          "description": "Oracle script that queries a cryptocurrency's average trading volume for the past day from CryptoCompare",
          "filename": "0833eac263cc54cc56529a9f414c94cf9517a392de10c9eba776e3adca6372b8",
          "schema": "{symbol:string,multiplier:u64}/{volume:u64}",
          "source_code_url": "https://ipfs.io/ipfs/QmQECnCsuTbMuYyeWEFgse2nTHHHZizxegxoyTQDZ2vHgX"
        },
        {
          "owner": "band1m5lq9u533qaya4q3nfyl6ulzqkpkhge9q8tpzs",
          "name": "Ethereum Gas Price",
          "description": "Oracle script that queries the current Ethereum gas price from ETH gas station",
          "filename": "65bbd7bea91d8bb780b37fa4de418c153a12cc5c75d06f396993a22a5e66aad6",
          "schema": "{gas_option:string}/{gweix10:u64}",
          "source_code_url": "https://ipfs.io/ipfs/QmSmynKucQFiBnU5Fbs8N61VXE7mf6b27HCq6rpEAkqx3m"
        },
        {
          "owner": "band1m5lq9u533qaya4q3nfyl6ulzqkpkhge9q8tpzs",
          "name": "Open Sky Network",
          "description": "Oracle script for checking whether a given flight number exists during the given time period from OpenSky Network",
          "filename": "5f6dc380761baffb348a5f9626af7950730fcc49662c1352e7e7310946b0f134",
          "schema": "{flight_op:string,airport:string,icao24:string,begin:string,end:string}/{flight_existence:bool}",
          "source_code_url": "https://ipfs.io/ipfs/QmRgqLyJgQaUvA1u4Y37u5GxnFz1uXT26kh92bWkHtYWwe"
        },
        {
          "owner": "band1m5lq9u533qaya4q3nfyl6ulzqkpkhge9q8tpzs",
          "name": "Open Weather Map",
          "description": "Oracle script that queries the current weather data of a location from OpenWeatherMap",
          "filename": "6c23059dd319bfae5ee8b42ed5709cb3d071a9a88514e6b93a398231bb1babdd",
          "schema": "{country:string,main_field:string,sub_field:string,multiplier:u64}/{value:u64}",
          "source_code_url": "https://ipfs.io/ipfs/QmSFdZfnBFEFVyac2WrpugTMpZueA119crrwFCtSRr7sj2"
        },
        {
          "owner": "band1m5lq9u533qaya4q3nfyl6ulzqkpkhge9q8tpzs",
          "name": "Quantum Random Number Generator",
          "description": "Oracle script that queries a large random number from  Australia's National University Quantum Random API.",
          "filename": "188d9c4a98e62b785fb55c1e7653129d98d075e8135169b033dfb82b5f379064",
          "schema": "{size:u64}/{random_bytes:string}",
          "source_code_url": "https://ipfs.io/ipfs/QmSUirhmjeFMsFao7WttLFGFymse8NHRe7XuWFKT78Ekem"
        },
        {
          "owner": "band1m5lq9u533qaya4q3nfyl6ulzqkpkhge9q8tpzs",
          "name": "Yahoo Stock Price",
          "description": "Oracle script that queries the current price of a stock from Yahoo Finance",
          "filename": "ac4784537857baf8c72ba5c7134b29ed29ed6b8a0468a61e7861bec9b91fd055",
          "schema": "{symbol:string,multiplier:u64}/{px:u64}",
          "source_code_url": "https://ipfs.io/ipfs/QmNmeuopTDgMUq2D1TEe3V1Hi6WJeLe3bVe9GpCRsDgmwm"
        },
        {
          "owner": "band1m5lq9u533qaya4q3nfyl6ulzqkpkhge9q8tpzs",
          "name": "Fair Cryptocurrency Market Price",
          "description": "Oracle script that queries the current price of a cryptocurrency from CoinGecko, CryptoCompare, and Binance and aggregates them using the user-selected method in the selected  base currency",
          "filename": "cdd4bca48b78c7cc6b5351bdf8b5f15a42c3c368914c3020ccd670024722758b",
          "schema": "{base_symbol:string,quote_symbol:string,aggregation_method:string,multiplier:u64}/{px:u64}",
          "source_code_url": "https://ipfs.io/ipfs/QmduiYT3GZkkYnhvbr6uK3NDhG9QKDZuacLkRGsYPs8f2Q"
        }
      ]
    },
    "staking": {
      "params": {
        "unbonding_time": "1814400000000000",
        "max_validators": 100,
        "max_entries": 7,
        "historical_entries": 1000,
        "bond_denom": "uband"
      },
      "last_total_power": "0",
      "last_validator_powers": null,
      "validators": null,
      "delegations": null,
      "unbonding_delegations": null,
      "redelegations": null,
      "exported": false
    },
    "gov": {
      "starting_proposal_id": "1",
      "deposits": null,
      "votes": null,
      "proposals": null,
      "deposit_params": {
        "min_deposit": [
          {
            "denom": "uband",
            "amount": "1000000000"
          }
        ],
        "max_deposit_period": "172800000000000"
      },
      "voting_params": {
        "voting_period": "172800000000000"
      },
      "tally_params": {
        "quorum": "0.334000000000000000",
        "threshold": "0.500000000000000000",
        "veto": "0.334000000000000000"
      }
    },
    "slashing": {
      "params": {
        "signed_blocks_window": "30000",
        "min_signed_per_window": "0.050000000000000000",
        "downtime_jail_duration": "600000000000",
        "slash_fraction_double_sign": "0.050000000000000000",
        "slash_fraction_downtime": "0.000100000000000000"
      },
      "signing_infos": {},
      "missed_blocks": {}
    },
    "mint": {
      "minter": {
        "inflation": "0.130000000000000000",
        "annual_provisions": "0.000000000000000000"
      },
      "params": {
        "mint_denom": "uband",
        "inflation_rate_change": "0.130000000000000000",
        "inflation_max": "0.200000000000000000",
        "inflation_min": "0.070000000000000000",
        "goal_bonded": "0.670000000000000000",
        "blocks_per_year": "10519200"
      }
    },
    "auth": {
      "params": {
        "max_memo_characters": "256",
        "tx_sig_limit": "7",
        "tx_size_cost_per_byte": "5",
        "sig_verify_cost_ed25519": "590",
        "sig_verify_cost_secp256k1": "1000"
      },
      "accounts": [
        {
          "type": "cosmos-sdk/Account",
          "value": {
            "address": "band149tmktpdq7ca4rq5sz8wpwutnmclgpr7xpq2fm",
            "coins": [
              {
                "denom": "uband",
                "amount": "10000000000000"
              }
            ],
            "public_key": "",
            "account_number": 0,
            "sequence": 0
          }
        },
        {
          "type": "cosmos-sdk/Account",
          "value": {
            "address": "band1268q69x2gqswy8shvy3tqtqftr5z6sqhcy3dq3",
            "coins": [
              {
                "denom": "uband",
                "amount": "10000000000000"
              }
            ],
            "public_key": "",
            "account_number": 0,
            "sequence": 0
          }
        }
      ]
    },
    "distribution": {
      "params": {
        "community_tax": "0.020000000000000000",
        "base_proposer_reward": "0.030000000000000000",
        "bonus_proposer_reward": "0.120000000000000000",
        "withdraw_addr_enabled": true
      },
      "fee_pool": {
        "community_pool": []
      },
      "delegator_withdraw_infos": [],
      "previous_proposer": "",
      "outstanding_rewards": [],
      "validator_accumulated_commissions": [],
      "validator_historical_rewards": [],
      "validator_current_rewards": [],
      "delegator_starting_infos": [],
      "validator_slash_events": []
    },
    "upgrade": {},
    "genutil": {
      "gentxs": [
        {
          "type": "cosmos-sdk/StdTx",
          "value": {
            "msg": [
              {
                "type": "cosmos-sdk/MsgCreateValidator",
                "value": {
                  "description": {
                    "moniker": "Bandprotocol",
                    "identity": "",
                    "website": "",
                    "security_contact": "",
                    "details": ""
                  },
                  "commission": {
                    "rate": "0.100000000000000000",
                    "max_rate": "0.200000000000000000",
                    "max_change_rate": "0.010000000000000000"
                  },
                  "min_self_delegation": "1",
                  "delegator_address": "band149tmktpdq7ca4rq5sz8wpwutnmclgpr7xpq2fm",
                  "validator_address": "bandvaloper149tmktpdq7ca4rq5sz8wpwutnmclgpr72hyfvs",
                  "pubkey": "bandvalconspub1addwnpepq2wn0mm4yr4j5r7d2mpxrvk0za9n2e4ehrh7lrdm8ek4kvzqrf4ss4hhg77",
                  "value": {
                    "denom": "uband",
                    "amount": "1000000000000"
                  }
                }
              }
            ],
            "fee": {
              "amount": [],
              "gas": "200000"
            },
            "signatures": [
              {
                "pub_key": {
                  "type": "tendermint/PubKeySecp256k1",
                  "value": "A8GD/k+Fllaz3q/xAwARVrGkWdR7vvPsVopZCbk3e5UP"
                },
                "signature": "ft612cj009bJj46qotS/eBncS5YzmheGTLxbUNuY9ldZYATtbvy/UeN/l5h7rzEvEKjKsfc8btDEritpI1HDjw=="
              }
            ],
            "memo": "2ed8b5367d816ae9dd558d24098677a84ba71e76@172.26.10.63:26656"
          }
        }
      ]
    }
  }
}